StatisticsDate,TargetDiseaseCode,TargetDisease,MeasurementType,DailyCount,TotalCount,PopulationCoverage
2020-12-27,219,COVID-19,DosesAdministered,191,191,
2020-12-27,219,COVID-19,FullyVaccinated,0,0,0
2020-12-27,219,COVID-19,Vaccinated,191,191,0.01
2020-12-28,219,COVID-19,DosesAdministered,318,509,
2020-12-28,219,COVID-19,FullyVaccinated,1,1,0
2020-12-28,219,COVID-19,Vaccinated,318,509,0.04
2020-12-29,219,COVID-19,DosesAdministered,367,876,
2020-12-29,219,COVID-19,FullyVaccinated,1,2,0
2020-12-29,219,COVID-19,Vaccinated,367,876,0.07
2020-12-30,219,COVID-19,DosesAdministered,1013,1889,
2020-12-30,219,COVID-19,FullyVaccinated,1,3,0
2020-12-30,219,COVID-19,Vaccinated,1013,1889,0.14
2020-12-31,219,COVID-19,DosesAdministered,586,2475,
2020-12-31,219,COVID-19,FullyVaccinated,0,3,0
2020-12-31,219,COVID-19,Vaccinated,586,2475,0.19
2021-01-01,219,COVID-19,DosesAdministered,0,2475,
2021-01-01,219,COVID-19,FullyVaccinated,0,3,0
2021-01-01,219,COVID-19,Vaccinated,0,2475,0.19
2021-01-02,219,COVID-19,DosesAdministered,30,2505,
2021-01-02,219,COVID-19,FullyVaccinated,0,3,0
2021-01-02,219,COVID-19,Vaccinated,30,2505,0.19
2021-01-03,219,COVID-19,DosesAdministered,18,2523,
2021-01-03,219,COVID-19,FullyVaccinated,0,3,0
2021-01-03,219,COVID-19,Vaccinated,18,2523,0.19
2021-01-04,219,COVID-19,DosesAdministered,642,3165,
2021-01-04,219,COVID-19,FullyVaccinated,0,3,0
2021-01-04,219,COVID-19,Vaccinated,642,3165,0.24
2021-01-05,219,COVID-19,DosesAdministered,1812,4977,
2021-01-05,219,COVID-19,FullyVaccinated,6,9,0
2021-01-05,219,COVID-19,Vaccinated,1810,4975,0.37
2021-01-06,219,COVID-19,DosesAdministered,1612,6589,
2021-01-06,219,COVID-19,FullyVaccinated,1,10,0
2021-01-06,219,COVID-19,Vaccinated,1611,6586,0.5
2021-01-07,219,COVID-19,DosesAdministered,1342,7931,
2021-01-07,219,COVID-19,FullyVaccinated,1,11,0
2021-01-07,219,COVID-19,Vaccinated,1342,7928,0.6
2021-01-08,219,COVID-19,DosesAdministered,2215,10146,
2021-01-08,219,COVID-19,FullyVaccinated,2,13,0
2021-01-08,219,COVID-19,Vaccinated,2215,10143,0.76
2021-01-09,219,COVID-19,DosesAdministered,551,10697,
2021-01-09,219,COVID-19,FullyVaccinated,0,13,0
2021-01-09,219,COVID-19,Vaccinated,551,10694,0.8
2021-01-10,219,COVID-19,DosesAdministered,223,10920,
2021-01-10,219,COVID-19,FullyVaccinated,0,13,0
2021-01-10,219,COVID-19,Vaccinated,223,10917,0.82
2021-01-11,219,COVID-19,DosesAdministered,849,11769,
2021-01-11,219,COVID-19,FullyVaccinated,0,13,0
2021-01-11,219,COVID-19,Vaccinated,849,11766,0.88
2021-01-12,219,COVID-19,DosesAdministered,1580,13349,
2021-01-12,219,COVID-19,FullyVaccinated,2,15,0
2021-01-12,219,COVID-19,Vaccinated,1580,13346,1
2021-01-13,219,COVID-19,DosesAdministered,1395,14744,
2021-01-13,219,COVID-19,FullyVaccinated,3,18,0
2021-01-13,219,COVID-19,Vaccinated,1395,14741,1.11
2021-01-14,219,COVID-19,DosesAdministered,1780,16524,
2021-01-14,219,COVID-19,FullyVaccinated,6,24,0
2021-01-14,219,COVID-19,Vaccinated,1780,16521,1.24
2021-01-15,219,COVID-19,DosesAdministered,1281,17805,
2021-01-15,219,COVID-19,FullyVaccinated,9,33,0
2021-01-15,219,COVID-19,Vaccinated,1281,17802,1.34
2021-01-16,219,COVID-19,DosesAdministered,220,18025,
2021-01-16,219,COVID-19,FullyVaccinated,2,35,0
2021-01-16,219,COVID-19,Vaccinated,220,18022,1.35
2021-01-17,219,COVID-19,DosesAdministered,96,18121,
2021-01-17,219,COVID-19,FullyVaccinated,66,101,0.01
2021-01-17,219,COVID-19,Vaccinated,30,18052,1.36
2021-01-18,219,COVID-19,DosesAdministered,1034,19155,
2021-01-18,219,COVID-19,FullyVaccinated,376,477,0.04
2021-01-18,219,COVID-19,Vaccinated,659,18711,1.41
2021-01-19,219,COVID-19,DosesAdministered,1161,20316,
2021-01-19,219,COVID-19,FullyVaccinated,407,884,0.07
2021-01-19,219,COVID-19,Vaccinated,758,19469,1.46
2021-01-20,219,COVID-19,DosesAdministered,1482,21798,
2021-01-20,219,COVID-19,FullyVaccinated,634,1518,0.11
2021-01-20,219,COVID-19,Vaccinated,852,20321,1.53
2021-01-21,219,COVID-19,DosesAdministered,2181,23979,
2021-01-21,219,COVID-19,FullyVaccinated,682,2200,0.17
2021-01-21,219,COVID-19,Vaccinated,1516,21837,1.64
2021-01-22,219,COVID-19,DosesAdministered,1502,25481,
2021-01-22,219,COVID-19,FullyVaccinated,277,2477,0.19
2021-01-22,219,COVID-19,Vaccinated,1233,23070,1.73
2021-01-23,219,COVID-19,DosesAdministered,258,25739,
2021-01-23,219,COVID-19,FullyVaccinated,12,2489,0.19
2021-01-23,219,COVID-19,Vaccinated,255,23325,1.75
2021-01-24,219,COVID-19,DosesAdministered,161,25900,
2021-01-24,219,COVID-19,FullyVaccinated,0,2489,0.19
2021-01-24,219,COVID-19,Vaccinated,161,23486,1.77
2021-01-25,219,COVID-19,DosesAdministered,1062,26962,
2021-01-25,219,COVID-19,FullyVaccinated,688,3177,0.24
2021-01-25,219,COVID-19,Vaccinated,375,23861,1.79
2021-01-26,219,COVID-19,DosesAdministered,2393,29355,
2021-01-26,219,COVID-19,FullyVaccinated,1650,4827,0.36
2021-01-26,219,COVID-19,Vaccinated,743,24604,1.85
2021-01-27,219,COVID-19,DosesAdministered,2135,31490,
2021-01-27,219,COVID-19,FullyVaccinated,1497,6324,0.48
2021-01-27,219,COVID-19,Vaccinated,639,25243,1.9
2021-01-28,219,COVID-19,DosesAdministered,2471,33961,
2021-01-28,219,COVID-19,FullyVaccinated,1402,7726,0.57
2021-01-28,219,COVID-19,Vaccinated,1071,26314,1.98
2021-01-29,219,COVID-19,DosesAdministered,3207,37168,
2021-01-29,219,COVID-19,FullyVaccinated,1993,9719,0.73
2021-01-29,219,COVID-19,Vaccinated,1220,27534,2.06
2021-01-30,219,COVID-19,DosesAdministered,831,37999,
2021-01-30,219,COVID-19,FullyVaccinated,565,10284,0.77
2021-01-30,219,COVID-19,Vaccinated,266,27800,2.09
2021-01-31,219,COVID-19,DosesAdministered,538,38537,
2021-01-31,219,COVID-19,FullyVaccinated,257,10541,0.79
2021-01-31,219,COVID-19,Vaccinated,285,28085,2.11
2021-02-01,219,COVID-19,DosesAdministered,1608,40145,
2021-02-01,219,COVID-19,FullyVaccinated,893,11434,0.86
2021-02-01,219,COVID-19,Vaccinated,719,28804,2.17
2021-02-02,219,COVID-19,DosesAdministered,2769,42914,
2021-02-02,219,COVID-19,FullyVaccinated,1529,12963,0.97
2021-02-02,219,COVID-19,Vaccinated,1245,30049,2.25
2021-02-03,219,COVID-19,DosesAdministered,3195,46109,
2021-02-03,219,COVID-19,FullyVaccinated,1539,14502,1.09
2021-02-03,219,COVID-19,Vaccinated,1662,31711,2.38
2021-02-04,219,COVID-19,DosesAdministered,3601,49710,
2021-02-04,219,COVID-19,FullyVaccinated,1600,16102,1.21
2021-02-04,219,COVID-19,Vaccinated,2044,33755,2.54
2021-02-05,219,COVID-19,DosesAdministered,3066,52776,
2021-02-05,219,COVID-19,FullyVaccinated,1526,17628,1.33
2021-02-05,219,COVID-19,Vaccinated,1549,35304,2.65
2021-02-06,219,COVID-19,DosesAdministered,552,53328,
2021-02-06,219,COVID-19,FullyVaccinated,149,17777,1.34
2021-02-06,219,COVID-19,Vaccinated,407,35711,2.68
2021-02-07,219,COVID-19,DosesAdministered,58,53386,
2021-02-07,219,COVID-19,FullyVaccinated,48,17825,1.34
2021-02-07,219,COVID-19,Vaccinated,11,35722,2.69
2021-02-08,219,COVID-19,DosesAdministered,1625,55011,
2021-02-08,219,COVID-19,FullyVaccinated,632,18457,1.39
2021-02-08,219,COVID-19,Vaccinated,997,36719,2.76
2021-02-09,219,COVID-19,DosesAdministered,3150,58161,
2021-02-09,219,COVID-19,FullyVaccinated,882,19339,1.45
2021-02-09,219,COVID-19,Vaccinated,2277,38996,2.93
2021-02-10,219,COVID-19,DosesAdministered,3498,61659,
2021-02-10,219,COVID-19,FullyVaccinated,917,20256,1.52
2021-02-10,219,COVID-19,Vaccinated,2591,41587,3.13
2021-02-11,219,COVID-19,DosesAdministered,4053,65712,
2021-02-11,219,COVID-19,FullyVaccinated,1319,21575,1.62
2021-02-11,219,COVID-19,Vaccinated,2756,44343,3.33
2021-02-12,219,COVID-19,DosesAdministered,2339,68051,
2021-02-12,219,COVID-19,FullyVaccinated,821,22396,1.68
2021-02-12,219,COVID-19,Vaccinated,1533,45876,3.45
2021-02-13,219,COVID-19,DosesAdministered,291,68342,
2021-02-13,219,COVID-19,FullyVaccinated,161,22557,1.7
2021-02-13,219,COVID-19,Vaccinated,132,46008,3.46
2021-02-14,219,COVID-19,DosesAdministered,61,68403,
2021-02-14,219,COVID-19,FullyVaccinated,59,22616,1.7
2021-02-14,219,COVID-19,Vaccinated,2,46010,3.46
2021-02-15,219,COVID-19,DosesAdministered,846,69249,
2021-02-15,219,COVID-19,FullyVaccinated,238,22854,1.72
2021-02-15,219,COVID-19,Vaccinated,618,46628,3.51
2021-02-16,219,COVID-19,DosesAdministered,2402,71651,
2021-02-16,219,COVID-19,FullyVaccinated,592,23446,1.76
2021-02-16,219,COVID-19,Vaccinated,1829,48457,3.64
2021-02-17,219,COVID-19,DosesAdministered,4327,75978,
2021-02-17,219,COVID-19,FullyVaccinated,714,24160,1.82
2021-02-17,219,COVID-19,Vaccinated,3665,52122,3.92
2021-02-18,219,COVID-19,DosesAdministered,6299,82277,
2021-02-18,219,COVID-19,FullyVaccinated,1113,25273,1.9
2021-02-18,219,COVID-19,Vaccinated,5284,57406,4.32
2021-02-19,219,COVID-19,DosesAdministered,4774,87051,
2021-02-19,219,COVID-19,FullyVaccinated,1060,26333,1.98
2021-02-19,219,COVID-19,Vaccinated,3772,61178,4.59
2021-02-20,219,COVID-19,DosesAdministered,810,87861,
2021-02-20,219,COVID-19,FullyVaccinated,239,26572,2
2021-02-20,219,COVID-19,Vaccinated,587,61765,4.63
2021-02-21,219,COVID-19,DosesAdministered,833,88694,
2021-02-21,219,COVID-19,FullyVaccinated,331,26903,2.02
2021-02-21,219,COVID-19,Vaccinated,512,62277,4.68
2021-02-22,219,COVID-19,DosesAdministered,2991,91685,
2021-02-22,219,COVID-19,FullyVaccinated,953,27856,2.09
2021-02-22,219,COVID-19,Vaccinated,2094,64371,4.84
2021-02-23,219,COVID-19,DosesAdministered,4704,96389,
2021-02-23,219,COVID-19,FullyVaccinated,1006,28862,2.17
2021-02-23,219,COVID-19,Vaccinated,3785,68156,5.12
2021-02-24,219,COVID-19,DosesAdministered,462,96851,
2021-02-24,219,COVID-19,FullyVaccinated,142,29004,2.18
2021-02-24,219,COVID-19,Vaccinated,331,68487,5.15
2021-02-25,219,COVID-19,DosesAdministered,6535,103386,
2021-02-25,219,COVID-19,FullyVaccinated,2883,31887,2.4
2021-02-25,219,COVID-19,Vaccinated,3724,72211,5.43
2021-02-26,219,COVID-19,DosesAdministered,7535,110921,
2021-02-26,219,COVID-19,FullyVaccinated,2428,34315,2.58
2021-02-26,219,COVID-19,Vaccinated,5180,77391,5.82
2021-02-27,219,COVID-19,DosesAdministered,1457,112378,
2021-02-27,219,COVID-19,FullyVaccinated,442,34757,2.61
2021-02-27,219,COVID-19,Vaccinated,1035,78426,5.9
2021-02-28,219,COVID-19,DosesAdministered,310,112688,
2021-02-28,219,COVID-19,FullyVaccinated,128,34885,2.62
2021-02-28,219,COVID-19,Vaccinated,184,78610,5.91
2021-03-01,219,COVID-19,DosesAdministered,3466,116154,
2021-03-01,219,COVID-19,FullyVaccinated,1062,35947,2.7
2021-03-01,219,COVID-19,Vaccinated,2444,81054,6.09
2021-03-02,219,COVID-19,DosesAdministered,5271,121425,
2021-03-02,219,COVID-19,FullyVaccinated,2369,38316,2.88
2021-03-02,219,COVID-19,Vaccinated,2965,84019,6.32
2021-03-03,219,COVID-19,DosesAdministered,5302,126727,
2021-03-03,219,COVID-19,FullyVaccinated,2431,40747,3.06
2021-03-03,219,COVID-19,Vaccinated,2908,86927,6.54
2021-03-04,219,COVID-19,DosesAdministered,7631,134358,
2021-03-04,219,COVID-19,FullyVaccinated,2566,43313,3.26
2021-03-04,219,COVID-19,Vaccinated,5134,92061,6.92
2021-03-05,219,COVID-19,DosesAdministered,7094,141452,
2021-03-05,219,COVID-19,FullyVaccinated,1625,44938,3.38
2021-03-05,219,COVID-19,Vaccinated,5570,97631,7.34
2021-03-06,219,COVID-19,DosesAdministered,3749,145201,
2021-03-06,219,COVID-19,FullyVaccinated,217,45155,3.39
2021-03-06,219,COVID-19,Vaccinated,3586,101217,7.61
2021-03-07,219,COVID-19,DosesAdministered,999,146200,
2021-03-07,219,COVID-19,FullyVaccinated,12,45167,3.4
2021-03-07,219,COVID-19,Vaccinated,994,102211,7.68
2021-03-08,219,COVID-19,DosesAdministered,3663,149863,
2021-03-08,219,COVID-19,FullyVaccinated,297,45464,3.42
2021-03-08,219,COVID-19,Vaccinated,3416,105627,7.94
2021-03-09,219,COVID-19,DosesAdministered,5108,154971,
2021-03-09,219,COVID-19,FullyVaccinated,1146,46610,3.5
2021-03-09,219,COVID-19,Vaccinated,4034,109661,8.24
2021-03-10,219,COVID-19,DosesAdministered,6443,161414,
2021-03-10,219,COVID-19,FullyVaccinated,2518,49128,3.69
2021-03-10,219,COVID-19,Vaccinated,4001,113662,8.55
2021-03-11,219,COVID-19,DosesAdministered,11100,172514,
2021-03-11,219,COVID-19,FullyVaccinated,3044,52172,3.92
2021-03-11,219,COVID-19,Vaccinated,8175,121837,9.16
2021-03-12,219,COVID-19,DosesAdministered,7661,180175,
2021-03-12,219,COVID-19,FullyVaccinated,2059,54231,4.08
2021-03-12,219,COVID-19,Vaccinated,5728,127565,9.59
2021-03-13,219,COVID-19,DosesAdministered,5502,185677,
2021-03-13,219,COVID-19,FullyVaccinated,148,54379,4.09
2021-03-13,219,COVID-19,Vaccinated,5423,132988,10
2021-03-14,219,COVID-19,DosesAdministered,5281,190958,
2021-03-14,219,COVID-19,FullyVaccinated,53,54432,4.09
2021-03-14,219,COVID-19,Vaccinated,5266,138254,10.39
2021-03-15,219,COVID-19,DosesAdministered,3621,194579,
2021-03-15,219,COVID-19,FullyVaccinated,330,54762,4.12
2021-03-15,219,COVID-19,Vaccinated,3352,141606,10.65
2021-03-16,219,COVID-19,DosesAdministered,4544,199123,
2021-03-16,219,COVID-19,FullyVaccinated,878,55640,4.18
2021-03-16,219,COVID-19,Vaccinated,3742,145348,10.93
2021-03-17,219,COVID-19,DosesAdministered,5423,204546,
2021-03-17,219,COVID-19,FullyVaccinated,399,56039,4.21
2021-03-17,219,COVID-19,Vaccinated,5167,150515,11.32
2021-03-18,219,COVID-19,DosesAdministered,7420,211966,
2021-03-18,219,COVID-19,FullyVaccinated,942,56981,4.28
2021-03-18,219,COVID-19,Vaccinated,6635,157150,11.82
2021-03-19,219,COVID-19,DosesAdministered,8620,220586,
2021-03-19,219,COVID-19,FullyVaccinated,2380,59361,4.46
2021-03-19,219,COVID-19,Vaccinated,6446,163596,12.3
2021-03-20,219,COVID-19,DosesAdministered,2278,222864,
2021-03-20,219,COVID-19,FullyVaccinated,98,59459,4.47
2021-03-20,219,COVID-19,Vaccinated,2221,165817,12.47
2021-03-21,219,COVID-19,DosesAdministered,1343,224207,
2021-03-21,219,COVID-19,FullyVaccinated,37,59496,4.47
2021-03-21,219,COVID-19,Vaccinated,1321,167138,12.57
2021-03-22,219,COVID-19,DosesAdministered,2489,226696,
2021-03-22,219,COVID-19,FullyVaccinated,602,60098,4.51
2021-03-22,219,COVID-19,Vaccinated,1951,169089,12.71
2021-03-23,219,COVID-19,DosesAdministered,2926,229622,
2021-03-23,219,COVID-19,FullyVaccinated,263,60361,4.54
2021-03-23,219,COVID-19,Vaccinated,2744,171833,12.92
2021-03-24,219,COVID-19,DosesAdministered,5652,235274,
2021-03-24,219,COVID-19,FullyVaccinated,478,60839,4.57
2021-03-24,219,COVID-19,Vaccinated,5247,177080,13.31
2021-03-25,219,COVID-19,DosesAdministered,10036,245310,
2021-03-25,219,COVID-19,FullyVaccinated,1685,62524,4.7
2021-03-25,219,COVID-19,Vaccinated,8485,185565,13.95
2021-03-26,219,COVID-19,DosesAdministered,6677,251987,
2021-03-26,219,COVID-19,FullyVaccinated,952,63476,4.76
2021-03-26,219,COVID-19,Vaccinated,5811,191376,14.39
2021-03-27,219,COVID-19,DosesAdministered,2388,254375,
2021-03-27,219,COVID-19,FullyVaccinated,278,63754,4.79
2021-03-27,219,COVID-19,Vaccinated,2130,193506,14.55
2021-03-28,219,COVID-19,DosesAdministered,535,254910,
2021-03-28,219,COVID-19,FullyVaccinated,83,63837,4.8
2021-03-28,219,COVID-19,Vaccinated,487,193993,14.59
2021-03-29,219,COVID-19,DosesAdministered,2284,257194,
2021-03-29,219,COVID-19,FullyVaccinated,425,64262,4.83
2021-03-29,219,COVID-19,Vaccinated,1943,195936,14.73
2021-03-30,219,COVID-19,DosesAdministered,3559,260753,
2021-03-30,219,COVID-19,FullyVaccinated,1107,65369,4.91
2021-03-30,219,COVID-19,Vaccinated,2587,198523,14.93
2021-03-31,219,COVID-19,DosesAdministered,5976,266729,
2021-03-31,219,COVID-19,FullyVaccinated,1660,67029,5.04
2021-03-31,219,COVID-19,Vaccinated,4459,202982,15.26
2021-04-01,219,COVID-19,DosesAdministered,11943,278672,
2021-04-01,219,COVID-19,FullyVaccinated,4133,71162,5.35
2021-04-01,219,COVID-19,Vaccinated,7986,210968,15.86
2021-04-02,219,COVID-19,DosesAdministered,3933,282605,
2021-04-02,219,COVID-19,FullyVaccinated,449,71611,5.38
2021-04-02,219,COVID-19,Vaccinated,3551,214519,16.13
2021-04-03,219,COVID-19,DosesAdministered,8424,291029,
2021-04-03,219,COVID-19,FullyVaccinated,819,72430,5.45
2021-04-03,219,COVID-19,Vaccinated,7797,222316,16.71
2021-04-04,219,COVID-19,DosesAdministered,4148,295177,
2021-04-04,219,COVID-19,FullyVaccinated,197,72627,5.46
2021-04-04,219,COVID-19,Vaccinated,4009,226325,17.02
2021-04-05,219,COVID-19,DosesAdministered,3493,298670,
2021-04-05,219,COVID-19,FullyVaccinated,1114,73741,5.54
2021-04-05,219,COVID-19,Vaccinated,2506,228831,17.2
2021-04-06,219,COVID-19,DosesAdministered,3609,302279,
2021-04-06,219,COVID-19,FullyVaccinated,1220,74961,5.64
2021-04-06,219,COVID-19,Vaccinated,2476,231307,17.39
2021-04-07,219,COVID-19,DosesAdministered,6008,308287,
2021-04-07,219,COVID-19,FullyVaccinated,1227,76188,5.73
2021-04-07,219,COVID-19,Vaccinated,4895,236202,17.76
2021-04-08,219,COVID-19,DosesAdministered,12899,321186,
2021-04-08,219,COVID-19,FullyVaccinated,1536,77724,5.84
2021-04-08,219,COVID-19,Vaccinated,11630,247832,18.63
2021-04-09,219,COVID-19,DosesAdministered,10640,331826,
2021-04-09,219,COVID-19,FullyVaccinated,1259,78983,5.94
2021-04-09,219,COVID-19,Vaccinated,9570,257402,19.35
2021-04-10,219,COVID-19,DosesAdministered,1629,333455,
2021-04-10,219,COVID-19,FullyVaccinated,455,79438,5.97
2021-04-10,219,COVID-19,Vaccinated,1224,258626,19.44
2021-04-11,219,COVID-19,DosesAdministered,330,333785,
2021-04-11,219,COVID-19,FullyVaccinated,51,79489,5.98
2021-04-11,219,COVID-19,Vaccinated,285,258911,19.47
2021-04-12,219,COVID-19,DosesAdministered,1918,335703,
2021-04-12,219,COVID-19,FullyVaccinated,505,79994,6.01
2021-04-12,219,COVID-19,Vaccinated,1468,260379,19.57
2021-04-13,219,COVID-19,DosesAdministered,2858,338561,
2021-04-13,219,COVID-19,FullyVaccinated,634,80628,6.06
2021-04-13,219,COVID-19,Vaccinated,2280,262659,19.75
2021-04-14,219,COVID-19,DosesAdministered,7218,345779,
2021-04-14,219,COVID-19,FullyVaccinated,2040,82668,6.22
2021-04-14,219,COVID-19,Vaccinated,5345,268004,20.14
2021-04-15,219,COVID-19,DosesAdministered,12522,358301,
2021-04-15,219,COVID-19,FullyVaccinated,3456,86124,6.48
2021-04-15,219,COVID-19,Vaccinated,9312,277316,20.85
2021-04-16,219,COVID-19,DosesAdministered,11525,369826,
2021-04-16,219,COVID-19,FullyVaccinated,3584,89708,6.74
2021-04-16,219,COVID-19,Vaccinated,8223,285539,21.47
2021-04-17,219,COVID-19,DosesAdministered,2058,371884,
2021-04-17,219,COVID-19,FullyVaccinated,791,90499,6.8
2021-04-17,219,COVID-19,Vaccinated,1324,286863,21.57
2021-04-18,219,COVID-19,DosesAdministered,1407,373291,
2021-04-18,219,COVID-19,FullyVaccinated,477,90976,6.84
2021-04-18,219,COVID-19,Vaccinated,975,287838,21.64
2021-04-19,219,COVID-19,DosesAdministered,2611,375902,
2021-04-19,219,COVID-19,FullyVaccinated,1420,92396,6.95
2021-04-19,219,COVID-19,Vaccinated,1240,289078,21.73
2021-04-20,219,COVID-19,DosesAdministered,4223,380125,
2021-04-20,219,COVID-19,FullyVaccinated,2420,94816,7.13
2021-04-20,219,COVID-19,Vaccinated,1937,291015,21.88
2021-04-21,219,COVID-19,DosesAdministered,5100,385225,
2021-04-21,219,COVID-19,FullyVaccinated,995,95811,7.2
2021-04-21,219,COVID-19,Vaccinated,4284,295299,22.2
2021-04-22,219,COVID-19,DosesAdministered,11584,396809,
2021-04-22,219,COVID-19,FullyVaccinated,3687,99498,7.48
2021-04-22,219,COVID-19,Vaccinated,8203,303502,22.82
2021-04-23,219,COVID-19,DosesAdministered,8909,405718,
2021-04-23,219,COVID-19,FullyVaccinated,3432,102930,7.74
2021-04-23,219,COVID-19,Vaccinated,5699,309201,23.25
2021-04-24,219,COVID-19,DosesAdministered,3068,408786,
2021-04-24,219,COVID-19,FullyVaccinated,2288,105218,7.91
2021-04-24,219,COVID-19,Vaccinated,865,310066,23.31
2021-04-25,219,COVID-19,DosesAdministered,2391,411177,
2021-04-25,219,COVID-19,FullyVaccinated,1240,106458,8
2021-04-25,219,COVID-19,Vaccinated,1208,311274,23.4
2021-04-26,219,COVID-19,DosesAdministered,3230,414407,
2021-04-26,219,COVID-19,FullyVaccinated,1867,108325,8.14
2021-04-26,219,COVID-19,Vaccinated,1453,312727,23.51
2021-04-27,219,COVID-19,DosesAdministered,6836,421243,
2021-04-27,219,COVID-19,FullyVaccinated,3487,111812,8.41
2021-04-27,219,COVID-19,Vaccinated,3483,316210,23.77
2021-04-28,219,COVID-19,DosesAdministered,11208,432451,
2021-04-28,219,COVID-19,FullyVaccinated,4882,116694,8.77
2021-04-28,219,COVID-19,Vaccinated,6646,322856,24.27
2021-04-29,219,COVID-19,DosesAdministered,14770,447221,
2021-04-29,219,COVID-19,FullyVaccinated,7095,123789,9.31
2021-04-29,219,COVID-19,Vaccinated,8219,331075,24.89
2021-04-30,219,COVID-19,DosesAdministered,11862,459083,
2021-04-30,219,COVID-19,FullyVaccinated,6689,130478,9.81
2021-04-30,219,COVID-19,Vaccinated,5622,336697,25.31
2021-05-01,219,COVID-19,DosesAdministered,3014,462097,
2021-05-01,219,COVID-19,FullyVaccinated,2131,132609,9.97
2021-05-01,219,COVID-19,Vaccinated,951,337648,25.39
2021-05-02,219,COVID-19,DosesAdministered,2442,464539,
2021-05-02,219,COVID-19,FullyVaccinated,1000,133609,10.05
2021-05-02,219,COVID-19,Vaccinated,1560,339208,25.5
2021-05-03,219,COVID-19,DosesAdministered,5740,470279,
2021-05-03,219,COVID-19,FullyVaccinated,3578,137187,10.31
2021-05-03,219,COVID-19,Vaccinated,2327,341535,25.68
2021-05-04,219,COVID-19,DosesAdministered,8694,478973,
2021-05-04,219,COVID-19,FullyVaccinated,4002,141189,10.62
2021-05-04,219,COVID-19,Vaccinated,4963,346498,26.05
2021-05-05,219,COVID-19,DosesAdministered,13096,492069,
2021-05-05,219,COVID-19,FullyVaccinated,6267,147456,11.09
2021-05-05,219,COVID-19,Vaccinated,7266,353764,26.6
2021-05-06,219,COVID-19,DosesAdministered,17565,509634,
2021-05-06,219,COVID-19,FullyVaccinated,9648,157104,11.81
2021-05-06,219,COVID-19,Vaccinated,8615,362379,27.25
2021-05-07,219,COVID-19,DosesAdministered,13769,523403,
2021-05-07,219,COVID-19,FullyVaccinated,8068,165172,12.42
2021-05-07,219,COVID-19,Vaccinated,6285,368664,27.72
2021-05-08,219,COVID-19,DosesAdministered,5510,528913,
2021-05-08,219,COVID-19,FullyVaccinated,2604,167776,12.61
2021-05-08,219,COVID-19,Vaccinated,3063,371727,27.95
2021-05-09,219,COVID-19,DosesAdministered,3197,532110,
2021-05-09,219,COVID-19,FullyVaccinated,2126,169902,12.77
2021-05-09,219,COVID-19,Vaccinated,1167,372894,28.04
2021-05-10,219,COVID-19,DosesAdministered,4317,536427,
2021-05-10,219,COVID-19,FullyVaccinated,2353,172255,12.95
2021-05-10,219,COVID-19,Vaccinated,2190,375084,28.2
2021-05-11,219,COVID-19,DosesAdministered,6199,542626,
2021-05-11,219,COVID-19,FullyVaccinated,2724,174979,13.16
2021-05-11,219,COVID-19,Vaccinated,3740,378824,28.48
2021-05-12,219,COVID-19,DosesAdministered,10115,552741,
2021-05-12,219,COVID-19,FullyVaccinated,4633,179612,13.5
2021-05-12,219,COVID-19,Vaccinated,6003,384827,28.93
2021-05-13,219,COVID-19,DosesAdministered,12929,565670,
2021-05-13,219,COVID-19,FullyVaccinated,7759,187371,14.09
2021-05-13,219,COVID-19,Vaccinated,5823,390650,29.37
2021-05-14,219,COVID-19,DosesAdministered,8766,574436,
2021-05-14,219,COVID-19,FullyVaccinated,3283,190654,14.33
2021-05-14,219,COVID-19,Vaccinated,6117,396767,29.83
2021-05-15,219,COVID-19,DosesAdministered,3453,577889,
2021-05-15,219,COVID-19,FullyVaccinated,494,191148,14.37
2021-05-15,219,COVID-19,Vaccinated,3132,399899,30.07
2021-05-16,219,COVID-19,DosesAdministered,963,578852,
2021-05-16,219,COVID-19,FullyVaccinated,134,191282,14.38
2021-05-16,219,COVID-19,Vaccinated,932,400831,30.14
2021-05-17,219,COVID-19,DosesAdministered,6942,585794,
2021-05-17,219,COVID-19,FullyVaccinated,1949,193231,14.53
2021-05-17,219,COVID-19,Vaccinated,5888,406719,30.58
2021-05-18,219,COVID-19,DosesAdministered,7913,593707,
2021-05-18,219,COVID-19,FullyVaccinated,2890,196121,14.75
2021-05-18,219,COVID-19,Vaccinated,5857,412576,31.02
2021-05-19,219,COVID-19,DosesAdministered,8976,602683,
2021-05-19,219,COVID-19,FullyVaccinated,4975,201096,15.12
2021-05-19,219,COVID-19,Vaccinated,5224,417800,31.41
2021-05-20,219,COVID-19,DosesAdministered,14702,617385,
2021-05-20,219,COVID-19,FullyVaccinated,10845,211941,15.93
2021-05-20,219,COVID-19,Vaccinated,5326,423126,31.81
2021-05-21,219,COVID-19,DosesAdministered,14279,631664,
2021-05-21,219,COVID-19,FullyVaccinated,9232,221173,16.63
2021-05-21,219,COVID-19,Vaccinated,6618,429744,32.31
2021-05-22,219,COVID-19,DosesAdministered,4859,636523,
2021-05-22,219,COVID-19,FullyVaccinated,1446,222619,16.73
2021-05-22,219,COVID-19,Vaccinated,4100,433844,32.61
2021-05-23,219,COVID-19,DosesAdministered,3728,640251,
2021-05-23,219,COVID-19,FullyVaccinated,746,223365,16.79
2021-05-23,219,COVID-19,Vaccinated,3332,437176,32.86
2021-05-24,219,COVID-19,DosesAdministered,5497,645748,
2021-05-24,219,COVID-19,FullyVaccinated,2187,225552,16.96
2021-05-24,219,COVID-19,Vaccinated,4381,441557,33.2
2021-05-25,219,COVID-19,DosesAdministered,7009,652757,
2021-05-25,219,COVID-19,FullyVaccinated,2708,228260,17.16
2021-05-25,219,COVID-19,Vaccinated,4982,446539,33.57
2021-05-26,219,COVID-19,DosesAdministered,11407,664164,
2021-05-26,219,COVID-19,FullyVaccinated,6543,234803,17.64
2021-05-26,219,COVID-19,Vaccinated,5786,452325,34.01
2021-05-27,219,COVID-19,DosesAdministered,16157,680321,
2021-05-27,219,COVID-19,FullyVaccinated,11608,246411,18.53
2021-05-27,219,COVID-19,Vaccinated,5735,458060,34.44
2021-05-28,219,COVID-19,DosesAdministered,12490,692811,
2021-05-28,219,COVID-19,FullyVaccinated,9760,256171,19.26
2021-05-28,219,COVID-19,Vaccinated,4751,462811,34.79
2021-05-29,219,COVID-19,DosesAdministered,5206,698017,
2021-05-29,219,COVID-19,FullyVaccinated,2389,258560,19.44
2021-05-29,219,COVID-19,Vaccinated,3834,466645,35.08
2021-05-30,219,COVID-19,DosesAdministered,4537,702554,
2021-05-30,219,COVID-19,FullyVaccinated,1485,260045,19.55
2021-05-30,219,COVID-19,Vaccinated,3531,470176,35.35
2021-05-31,219,COVID-19,DosesAdministered,3716,706270,
2021-05-31,219,COVID-19,FullyVaccinated,1959,262004,19.7
2021-05-31,219,COVID-19,Vaccinated,2301,472477,35.52
2021-06-01,219,COVID-19,DosesAdministered,8571,714841,
2021-06-01,219,COVID-19,FullyVaccinated,4246,266250,20.02
2021-06-01,219,COVID-19,Vaccinated,5749,478226,35.96
2021-06-02,219,COVID-19,DosesAdministered,10973,725814,
2021-06-02,219,COVID-19,FullyVaccinated,5969,272219,20.47
2021-06-02,219,COVID-19,Vaccinated,5760,483986,36.39
2021-06-03,219,COVID-19,DosesAdministered,14006,739820,
2021-06-03,219,COVID-19,FullyVaccinated,8616,280835,21.11
2021-06-03,219,COVID-19,Vaccinated,6118,490104,36.85
2021-06-04,219,COVID-19,DosesAdministered,11624,751444,
2021-06-04,219,COVID-19,FullyVaccinated,7466,288301,21.68
2021-06-04,219,COVID-19,Vaccinated,5025,495129,37.22
2021-06-05,219,COVID-19,DosesAdministered,5201,756645,
2021-06-05,219,COVID-19,FullyVaccinated,3227,291528,21.92
2021-06-05,219,COVID-19,Vaccinated,3454,498583,37.49
2021-06-06,219,COVID-19,DosesAdministered,5216,761861,
2021-06-06,219,COVID-19,FullyVaccinated,3746,295274,22.2
2021-06-06,219,COVID-19,Vaccinated,1618,500201,37.61
2021-06-07,219,COVID-19,DosesAdministered,6277,768138,
2021-06-07,219,COVID-19,FullyVaccinated,3921,299195,22.49
2021-06-07,219,COVID-19,Vaccinated,2977,503178,37.83
2021-06-08,219,COVID-19,DosesAdministered,9569,777707,
2021-06-08,219,COVID-19,FullyVaccinated,6019,305214,22.95
2021-06-08,219,COVID-19,Vaccinated,4224,507402,38.15
2021-06-09,219,COVID-19,DosesAdministered,13466,791173,
2021-06-09,219,COVID-19,FullyVaccinated,9785,314999,23.68
2021-06-09,219,COVID-19,Vaccinated,4346,511748,38.47
2021-06-10,219,COVID-19,DosesAdministered,14923,806096,
2021-06-10,219,COVID-19,FullyVaccinated,11213,326212,24.53
2021-06-10,219,COVID-19,Vaccinated,4328,516076,38.79
2021-06-11,219,COVID-19,DosesAdministered,11866,817962,
2021-06-11,219,COVID-19,FullyVaccinated,8978,335190,25.2
2021-06-11,219,COVID-19,Vaccinated,3420,519496,39.06
2021-06-12,219,COVID-19,DosesAdministered,6830,824792,
2021-06-12,219,COVID-19,FullyVaccinated,4778,339968,25.56
2021-06-12,219,COVID-19,Vaccinated,2202,521698,39.22
2021-06-13,219,COVID-19,DosesAdministered,4577,829369,
2021-06-13,219,COVID-19,FullyVaccinated,3015,342983,25.79
2021-06-13,219,COVID-19,Vaccinated,1690,523388,39.35
2021-06-14,219,COVID-19,DosesAdministered,7758,837127,
2021-06-14,219,COVID-19,FullyVaccinated,5184,348167,26.18
2021-06-14,219,COVID-19,Vaccinated,3156,526544,39.59
2021-06-15,219,COVID-19,DosesAdministered,10548,847675,
2021-06-15,219,COVID-19,FullyVaccinated,7518,355685,26.74
2021-06-15,219,COVID-19,Vaccinated,3444,529988,39.85
2021-06-16,219,COVID-19,DosesAdministered,13234,860909,
2021-06-16,219,COVID-19,FullyVaccinated,10865,366550,27.56
2021-06-16,219,COVID-19,Vaccinated,2924,532912,40.07
2021-06-17,219,COVID-19,DosesAdministered,14116,875025,
2021-06-17,219,COVID-19,FullyVaccinated,11757,378307,28.44
2021-06-17,219,COVID-19,Vaccinated,2914,535826,40.29
2021-06-18,219,COVID-19,DosesAdministered,14033,889058,
2021-06-18,219,COVID-19,FullyVaccinated,11456,389763,29.3
2021-06-18,219,COVID-19,Vaccinated,4480,540306,40.61
2021-06-19,219,COVID-19,DosesAdministered,6261,895319,
2021-06-19,219,COVID-19,FullyVaccinated,4904,394667,29.67
2021-06-19,219,COVID-19,Vaccinated,1625,541931,40.74
2021-06-20,219,COVID-19,DosesAdministered,4041,899360,
2021-06-20,219,COVID-19,FullyVaccinated,2652,397319,29.87
2021-06-20,219,COVID-19,Vaccinated,1774,543705,40.88
2021-06-21,219,COVID-19,DosesAdministered,8620,907980,
2021-06-21,219,COVID-19,FullyVaccinated,6576,403895,30.37
2021-06-21,219,COVID-19,Vaccinated,2895,546600,41.1
2021-06-22,219,COVID-19,DosesAdministered,5861,913841,
2021-06-22,219,COVID-19,FullyVaccinated,4391,408286,30.7
2021-06-22,219,COVID-19,Vaccinated,1823,548423,41.23
2021-06-23,219,COVID-19,DosesAdministered,126,913967,
2021-06-23,219,COVID-19,FullyVaccinated,123,408409,30.71
2021-06-23,219,COVID-19,Vaccinated,3,548426,41.23
2021-06-24,219,COVID-19,DosesAdministered,176,914143,
2021-06-24,219,COVID-19,FullyVaccinated,159,408568,30.72
2021-06-24,219,COVID-19,Vaccinated,36,548462,41.24
2021-06-25,219,COVID-19,DosesAdministered,7639,921782,
2021-06-25,219,COVID-19,FullyVaccinated,6043,414611,31.17
2021-06-25,219,COVID-19,Vaccinated,2011,550473,41.39
2021-06-26,219,COVID-19,DosesAdministered,4454,926236,
2021-06-26,219,COVID-19,FullyVaccinated,3668,418279,31.45
2021-06-26,219,COVID-19,Vaccinated,1148,551621,41.47
2021-06-27,219,COVID-19,DosesAdministered,4425,930661,
2021-06-27,219,COVID-19,FullyVaccinated,3551,421830,31.71
2021-06-27,219,COVID-19,Vaccinated,1223,552844,41.57
2021-06-28,219,COVID-19,DosesAdministered,7477,938138,
2021-06-28,219,COVID-19,FullyVaccinated,6190,428020,32.18
2021-06-28,219,COVID-19,Vaccinated,1923,554767,41.71
2021-06-29,219,COVID-19,DosesAdministered,8404,946542,
2021-06-29,219,COVID-19,FullyVaccinated,6653,434673,32.68
2021-06-29,219,COVID-19,Vaccinated,2179,556946,41.87
2021-06-30,219,COVID-19,DosesAdministered,8854,955396,
2021-06-30,219,COVID-19,FullyVaccinated,7070,441743,33.21
2021-06-30,219,COVID-19,Vaccinated,2428,559374,42.06
2021-07-01,219,COVID-19,DosesAdministered,7382,962778,
2021-07-01,219,COVID-19,FullyVaccinated,5550,447293,33.63
2021-07-01,219,COVID-19,Vaccinated,2390,561764,42.24
2021-07-02,219,COVID-19,DosesAdministered,7400,970178,
2021-07-02,219,COVID-19,FullyVaccinated,5801,453094,34.07
2021-07-02,219,COVID-19,Vaccinated,2344,564108,42.41
2021-07-03,219,COVID-19,DosesAdministered,5031,975209,
2021-07-03,219,COVID-19,FullyVaccinated,4292,457386,34.39
2021-07-03,219,COVID-19,Vaccinated,1340,565448,42.51
2021-07-04,219,COVID-19,DosesAdministered,5521,980730,
2021-07-04,219,COVID-19,FullyVaccinated,4930,462316,34.76
2021-07-04,219,COVID-19,Vaccinated,1351,566799,42.61
2021-07-05,219,COVID-19,DosesAdministered,4614,985344,
2021-07-05,219,COVID-19,FullyVaccinated,2642,464958,34.96
2021-07-05,219,COVID-19,Vaccinated,2531,569330,42.8
2021-07-06,219,COVID-19,DosesAdministered,8341,993685,
2021-07-06,219,COVID-19,FullyVaccinated,6382,471340,35.44
2021-07-06,219,COVID-19,Vaccinated,2568,571898,43
2021-07-07,219,COVID-19,DosesAdministered,6597,1000282,
2021-07-07,219,COVID-19,FullyVaccinated,4833,476173,35.79
2021-07-07,219,COVID-19,Vaccinated,2503,574401,43.19
2021-07-08,219,COVID-19,DosesAdministered,8103,1008385,
2021-07-08,219,COVID-19,FullyVaccinated,6138,482311,36.26
2021-07-08,219,COVID-19,Vaccinated,2655,577056,43.39
2021-07-09,219,COVID-19,DosesAdministered,6629,1015014,
2021-07-09,219,COVID-19,FullyVaccinated,4540,486851,36.6
2021-07-09,219,COVID-19,Vaccinated,2873,579929,43.6
2021-07-10,219,COVID-19,DosesAdministered,3274,1018288,
2021-07-10,219,COVID-19,FullyVaccinated,2226,489077,36.77
2021-07-10,219,COVID-19,Vaccinated,1554,581483,43.72
2021-07-11,219,COVID-19,DosesAdministered,4745,1023033,
2021-07-11,219,COVID-19,FullyVaccinated,3423,492500,37.03
2021-07-11,219,COVID-19,Vaccinated,1568,583051,43.84
2021-07-12,219,COVID-19,DosesAdministered,4460,1027493,
2021-07-12,219,COVID-19,FullyVaccinated,3215,495715,37.27
2021-07-12,219,COVID-19,Vaccinated,1842,584893,43.97
2021-07-13,219,COVID-19,DosesAdministered,6637,1034130,
2021-07-13,219,COVID-19,FullyVaccinated,4960,500675,37.64
2021-07-13,219,COVID-19,Vaccinated,2445,587338,44.16
2021-07-14,219,COVID-19,DosesAdministered,7129,1041259,
2021-07-14,219,COVID-19,FullyVaccinated,5522,506197,38.06
2021-07-14,219,COVID-19,Vaccinated,2259,589597,44.33
2021-07-15,219,COVID-19,DosesAdministered,7491,1048750,
2021-07-15,219,COVID-19,FullyVaccinated,5803,512000,38.49
2021-07-15,219,COVID-19,Vaccinated,2977,592574,44.55
2021-07-16,219,COVID-19,DosesAdministered,4990,1053740,
2021-07-16,219,COVID-19,FullyVaccinated,3896,515896,38.79
2021-07-16,219,COVID-19,Vaccinated,1996,594570,44.7
2021-07-17,219,COVID-19,DosesAdministered,1879,1055619,
2021-07-17,219,COVID-19,FullyVaccinated,1123,517019,38.86
2021-07-17,219,COVID-19,Vaccinated,1270,595840,44.8
2021-07-18,219,COVID-19,DosesAdministered,4334,1059953,
2021-07-18,219,COVID-19,FullyVaccinated,2123,519142,39.03
2021-07-18,219,COVID-19,Vaccinated,3044,598884,45.03
2021-07-19,219,COVID-19,DosesAdministered,5844,1065797,
2021-07-19,219,COVID-19,FullyVaccinated,3789,522931,39.32
2021-07-19,219,COVID-19,Vaccinated,3112,601996,45.26
2021-07-20,219,COVID-19,DosesAdministered,8157,1073954,
2021-07-20,219,COVID-19,FullyVaccinated,5814,528745,39.75
2021-07-20,219,COVID-19,Vaccinated,3301,605297,45.51
2021-07-21,219,COVID-19,DosesAdministered,6898,1080852,
2021-07-21,219,COVID-19,FullyVaccinated,4622,533367,40.1
2021-07-21,219,COVID-19,Vaccinated,3053,608350,45.74
2021-07-22,219,COVID-19,DosesAdministered,7745,1088597,
2021-07-22,219,COVID-19,FullyVaccinated,5338,538705,40.5
2021-07-22,219,COVID-19,Vaccinated,3776,612126,46.02
2021-07-23,219,COVID-19,DosesAdministered,7420,1096017,
2021-07-23,219,COVID-19,FullyVaccinated,4307,543012,40.83
2021-07-23,219,COVID-19,Vaccinated,4180,616306,46.34
2021-07-24,219,COVID-19,DosesAdministered,3345,1099362,
2021-07-24,219,COVID-19,FullyVaccinated,1715,544727,40.95
2021-07-24,219,COVID-19,Vaccinated,2349,618655,46.51
2021-07-25,219,COVID-19,DosesAdministered,3214,1102576,
2021-07-25,219,COVID-19,FullyVaccinated,1717,546444,41.08
2021-07-25,219,COVID-19,Vaccinated,2264,620919,46.68
2021-07-26,219,COVID-19,DosesAdministered,5584,1108160,
2021-07-26,219,COVID-19,FullyVaccinated,3303,549747,41.33
2021-07-26,219,COVID-19,Vaccinated,3226,624145,46.93
2021-07-27,219,COVID-19,DosesAdministered,6130,1114290,
2021-07-27,219,COVID-19,FullyVaccinated,4177,553924,41.65
2021-07-27,219,COVID-19,Vaccinated,2656,626801,47.13
2021-07-28,219,COVID-19,DosesAdministered,5510,1119800,
2021-07-28,219,COVID-19,FullyVaccinated,3319,557243,41.9
2021-07-28,219,COVID-19,Vaccinated,3066,629867,47.36
2021-07-29,219,COVID-19,DosesAdministered,5213,1125013,
2021-07-29,219,COVID-19,FullyVaccinated,2490,559733,42.08
2021-07-29,219,COVID-19,Vaccinated,3403,633270,47.61
2021-07-30,219,COVID-19,DosesAdministered,5132,1130145,
2021-07-30,219,COVID-19,FullyVaccinated,2630,562363,42.28
2021-07-30,219,COVID-19,Vaccinated,3219,636489,47.85
2021-07-31,219,COVID-19,DosesAdministered,2958,1133103,
2021-07-31,219,COVID-19,FullyVaccinated,1535,563898,42.4
2021-07-31,219,COVID-19,Vaccinated,2054,638543,48.01
2021-08-01,219,COVID-19,DosesAdministered,2786,1135889,
2021-08-01,219,COVID-19,FullyVaccinated,1402,565300,42.5
2021-08-01,219,COVID-19,Vaccinated,1979,640522,48.16
2021-08-02,219,COVID-19,DosesAdministered,5906,1141795,
2021-08-02,219,COVID-19,FullyVaccinated,2807,568107,42.71
2021-08-02,219,COVID-19,Vaccinated,3829,644351,48.44
2021-08-03,219,COVID-19,DosesAdministered,6241,1148036,
2021-08-03,219,COVID-19,FullyVaccinated,2913,571020,42.93
2021-08-03,219,COVID-19,Vaccinated,4294,648645,48.77
2021-08-04,219,COVID-19,DosesAdministered,6150,1154186,
2021-08-04,219,COVID-19,FullyVaccinated,2926,573946,43.15
2021-08-04,219,COVID-19,Vaccinated,4716,653361,49.12
2021-08-05,219,COVID-19,DosesAdministered,5391,1159577,
2021-08-05,219,COVID-19,FullyVaccinated,2567,576513,43.34
2021-08-05,219,COVID-19,Vaccinated,3943,657304,49.42
2021-08-06,219,COVID-19,DosesAdministered,6732,1166309,
2021-08-06,219,COVID-19,FullyVaccinated,3130,579643,43.58
2021-08-06,219,COVID-19,Vaccinated,4961,662265,49.79
2021-08-07,219,COVID-19,DosesAdministered,3533,1169842,
2021-08-07,219,COVID-19,FullyVaccinated,1672,581315,43.71
2021-08-07,219,COVID-19,Vaccinated,2627,664892,49.99
2021-08-08,219,COVID-19,DosesAdministered,2066,1171908,
2021-08-08,219,COVID-19,FullyVaccinated,803,582118,43.77
2021-08-08,219,COVID-19,Vaccinated,1719,666611,50.12
2021-08-09,219,COVID-19,DosesAdministered,5496,1177404,
2021-08-09,219,COVID-19,FullyVaccinated,2837,584955,43.98
2021-08-09,219,COVID-19,Vaccinated,3888,670499,50.41
2021-08-10,219,COVID-19,DosesAdministered,6140,1183544,
2021-08-10,219,COVID-19,FullyVaccinated,3191,588146,44.22
2021-08-10,219,COVID-19,Vaccinated,4215,674714,50.73
2021-08-11,219,COVID-19,DosesAdministered,5716,1189260,
2021-08-11,219,COVID-19,FullyVaccinated,2807,590953,44.43
2021-08-11,219,COVID-19,Vaccinated,3938,678652,51.02
2021-08-12,219,COVID-19,DosesAdministered,5680,1194940,
2021-08-12,219,COVID-19,FullyVaccinated,2750,593703,44.64
2021-08-12,219,COVID-19,Vaccinated,3767,682419,51.31
2021-08-13,219,COVID-19,DosesAdministered,5906,1200846,
2021-08-13,219,COVID-19,FullyVaccinated,3050,596753,44.87
2021-08-13,219,COVID-19,Vaccinated,3968,686387,51.61
2021-08-14,219,COVID-19,DosesAdministered,4573,1205419,
2021-08-14,219,COVID-19,FullyVaccinated,2518,599271,45.06
2021-08-14,219,COVID-19,Vaccinated,2814,689201,51.82
2021-08-15,219,COVID-19,DosesAdministered,2360,1207779,
2021-08-15,219,COVID-19,FullyVaccinated,1148,600419,45.14
2021-08-15,219,COVID-19,Vaccinated,1566,690767,51.93
2021-08-16,219,COVID-19,DosesAdministered,5375,1213154,
2021-08-16,219,COVID-19,FullyVaccinated,2987,603406,45.37
2021-08-16,219,COVID-19,Vaccinated,3236,694003,52.18
2021-08-17,219,COVID-19,DosesAdministered,4879,1218033,
2021-08-17,219,COVID-19,FullyVaccinated,2626,606032,45.56
2021-08-17,219,COVID-19,Vaccinated,2885,696888,52.39
2021-08-18,219,COVID-19,DosesAdministered,5267,1223300,
2021-08-18,219,COVID-19,FullyVaccinated,2688,608720,45.77
2021-08-18,219,COVID-19,Vaccinated,3254,700142,52.64
2021-08-19,219,COVID-19,DosesAdministered,5760,1229060,
2021-08-19,219,COVID-19,FullyVaccinated,3359,612079,46.02
2021-08-19,219,COVID-19,Vaccinated,3264,703406,52.88
2021-08-20,219,COVID-19,DosesAdministered,1416,1230476,
2021-08-20,219,COVID-19,FullyVaccinated,756,612835,46.08
2021-08-20,219,COVID-19,Vaccinated,836,704242,52.95
2021-08-21,219,COVID-19,DosesAdministered,2789,1233265,
2021-08-21,219,COVID-19,FullyVaccinated,1281,614116,46.17
2021-08-21,219,COVID-19,Vaccinated,1846,706088,53.09
2021-08-22,219,COVID-19,DosesAdministered,1397,1234662,
2021-08-22,219,COVID-19,FullyVaccinated,436,614552,46.2
2021-08-22,219,COVID-19,Vaccinated,1185,707273,53.18
2021-08-23,219,COVID-19,DosesAdministered,4101,1238763,
2021-08-23,219,COVID-19,FullyVaccinated,2215,616767,46.37
2021-08-23,219,COVID-19,Vaccinated,2387,709660,53.36
2021-08-24,219,COVID-19,DosesAdministered,4154,1242917,
2021-08-24,219,COVID-19,FullyVaccinated,2350,619117,46.55
2021-08-24,219,COVID-19,Vaccinated,2297,711957,53.53
2021-08-25,219,COVID-19,DosesAdministered,4510,1247427,
2021-08-25,219,COVID-19,FullyVaccinated,2614,621731,46.74
2021-08-25,219,COVID-19,Vaccinated,2577,714534,53.72
2021-08-26,219,COVID-19,DosesAdministered,3714,1251141,
2021-08-26,219,COVID-19,FullyVaccinated,2122,623853,46.9
2021-08-26,219,COVID-19,Vaccinated,2076,716610,53.88
2021-08-27,219,COVID-19,DosesAdministered,4784,1255925,
2021-08-27,219,COVID-19,FullyVaccinated,2602,626455,47.1
2021-08-27,219,COVID-19,Vaccinated,2875,719485,54.09
2021-08-28,219,COVID-19,DosesAdministered,3644,1259569,
2021-08-28,219,COVID-19,FullyVaccinated,1949,628404,47.25
2021-08-28,219,COVID-19,Vaccinated,2265,721750,54.26
2021-08-29,219,COVID-19,DosesAdministered,3732,1263301,
2021-08-29,219,COVID-19,FullyVaccinated,2197,630601,47.41
2021-08-29,219,COVID-19,Vaccinated,1870,723620,54.4
2021-08-30,219,COVID-19,DosesAdministered,3828,1267129,
2021-08-30,219,COVID-19,FullyVaccinated,2480,633081,47.6
2021-08-30,219,COVID-19,Vaccinated,1803,725423,54.54
2021-08-31,219,COVID-19,DosesAdministered,5035,1272164,
2021-08-31,219,COVID-19,FullyVaccinated,3678,636759,47.87
2021-08-31,219,COVID-19,Vaccinated,1808,727231,54.68
2021-09-01,219,COVID-19,DosesAdministered,2351,1274515,
2021-09-01,219,COVID-19,FullyVaccinated,1556,638315,47.99
2021-09-01,219,COVID-19,Vaccinated,1020,728251,54.75
2021-09-02,219,COVID-19,DosesAdministered,3480,1277995,
2021-09-02,219,COVID-19,FullyVaccinated,2377,640692,48.17
2021-09-02,219,COVID-19,Vaccinated,1644,729895,54.88
2021-09-03,219,COVID-19,DosesAdministered,3287,1281282,
2021-09-03,219,COVID-19,FullyVaccinated,2255,642947,48.34
2021-09-03,219,COVID-19,Vaccinated,1483,731378,54.99
2021-09-04,219,COVID-19,DosesAdministered,3174,1284456,
2021-09-04,219,COVID-19,FullyVaccinated,2384,645331,48.52
2021-09-04,219,COVID-19,Vaccinated,1135,732513,55.07
2021-09-05,219,COVID-19,DosesAdministered,2337,1286793,
2021-09-05,219,COVID-19,FullyVaccinated,2049,647380,48.67
2021-09-05,219,COVID-19,Vaccinated,458,732971,55.11
2021-09-06,219,COVID-19,DosesAdministered,3690,1290483,
2021-09-06,219,COVID-19,FullyVaccinated,2802,650182,48.88
2021-09-06,219,COVID-19,Vaccinated,1292,734263,55.2
2021-09-07,219,COVID-19,DosesAdministered,3582,1294065,
2021-09-07,219,COVID-19,FullyVaccinated,2679,652861,49.08
2021-09-07,219,COVID-19,Vaccinated,1337,735600,55.31
2021-09-08,219,COVID-19,DosesAdministered,3355,1297420,
2021-09-08,219,COVID-19,FullyVaccinated,2563,655424,49.28
2021-09-08,219,COVID-19,Vaccinated,1150,736750,55.39
2021-09-09,219,COVID-19,DosesAdministered,3425,1300845,
2021-09-09,219,COVID-19,FullyVaccinated,2661,658085,49.48
2021-09-09,219,COVID-19,Vaccinated,1136,737886,55.48
2021-09-10,219,COVID-19,DosesAdministered,3576,1304421,
2021-09-10,219,COVID-19,FullyVaccinated,2785,660870,49.69
2021-09-10,219,COVID-19,Vaccinated,1143,739029,55.56
2021-09-11,219,COVID-19,DosesAdministered,2718,1307139,
2021-09-11,219,COVID-19,FullyVaccinated,2086,662956,49.84
2021-09-11,219,COVID-19,Vaccinated,860,739889,55.63
2021-09-12,219,COVID-19,DosesAdministered,2124,1309263,
2021-09-12,219,COVID-19,FullyVaccinated,1798,664754,49.98
2021-09-12,219,COVID-19,Vaccinated,446,740335,55.66
2021-09-13,219,COVID-19,DosesAdministered,3704,1312967,
2021-09-13,219,COVID-19,FullyVaccinated,3036,667790,50.21
2021-09-13,219,COVID-19,Vaccinated,945,741280,55.73
2021-09-14,219,COVID-19,DosesAdministered,4085,1317052,
2021-09-14,219,COVID-19,FullyVaccinated,3313,671103,50.46
2021-09-14,219,COVID-19,Vaccinated,1133,742413,55.82
2021-09-15,219,COVID-19,DosesAdministered,3877,1320929,
2021-09-15,219,COVID-19,FullyVaccinated,3123,674226,50.69
2021-09-15,219,COVID-19,Vaccinated,1077,743490,55.9
2021-09-16,219,COVID-19,DosesAdministered,3768,1324697,
2021-09-16,219,COVID-19,FullyVaccinated,3084,677310,50.92
2021-09-16,219,COVID-19,Vaccinated,1176,744666,55.99
2021-09-17,219,COVID-19,DosesAdministered,3960,1328657,
2021-09-17,219,COVID-19,FullyVaccinated,3244,680554,51.17
2021-09-17,219,COVID-19,Vaccinated,1431,746097,56.09
2021-09-18,219,COVID-19,DosesAdministered,2987,1331644,
2021-09-18,219,COVID-19,FullyVaccinated,2510,683064,51.36
2021-09-18,219,COVID-19,Vaccinated,1031,747128,56.17
2021-09-19,219,COVID-19,DosesAdministered,1732,1333376,
2021-09-19,219,COVID-19,FullyVaccinated,1477,684541,51.47
2021-09-19,219,COVID-19,Vaccinated,699,747827,56.22
2021-09-20,219,COVID-19,DosesAdministered,3115,1336491,
2021-09-20,219,COVID-19,FullyVaccinated,2698,687239,51.67
2021-09-20,219,COVID-19,Vaccinated,838,748665,56.29
2021-09-21,219,COVID-19,DosesAdministered,3948,1340439,
2021-09-21,219,COVID-19,FullyVaccinated,3410,690649,51.93
2021-09-21,219,COVID-19,Vaccinated,831,749496,56.35
2021-09-22,219,COVID-19,DosesAdministered,3990,1344429,
2021-09-22,219,COVID-19,FullyVaccinated,3389,694038,52.18
2021-09-22,219,COVID-19,Vaccinated,1028,750524,56.43
2021-09-23,219,COVID-19,DosesAdministered,4075,1348504,
2021-09-23,219,COVID-19,FullyVaccinated,3430,697468,52.44
2021-09-23,219,COVID-19,Vaccinated,1431,751955,56.54
2021-09-24,219,COVID-19,DosesAdministered,4405,1352909,
2021-09-24,219,COVID-19,FullyVaccinated,3777,701245,52.72
2021-09-24,219,COVID-19,Vaccinated,1426,753381,56.64
2021-09-25,219,COVID-19,DosesAdministered,3451,1356360,
2021-09-25,219,COVID-19,FullyVaccinated,3094,704339,52.96
2021-09-25,219,COVID-19,Vaccinated,1012,754393,56.72
2021-09-26,219,COVID-19,DosesAdministered,2009,1358369,
2021-09-26,219,COVID-19,FullyVaccinated,1830,706169,53.09
2021-09-26,219,COVID-19,Vaccinated,539,754932,56.76
2021-09-27,219,COVID-19,DosesAdministered,1641,1360010,
2021-09-27,219,COVID-19,FullyVaccinated,1419,707588,53.2
2021-09-27,219,COVID-19,Vaccinated,495,755427,56.8
2021-09-28,219,COVID-19,DosesAdministered,3416,1363426,
2021-09-28,219,COVID-19,FullyVaccinated,2828,710416,53.41
2021-09-28,219,COVID-19,Vaccinated,1223,756650,56.89
2021-09-29,219,COVID-19,DosesAdministered,2691,1366117,
2021-09-29,219,COVID-19,FullyVaccinated,2224,712640,53.58
2021-09-29,219,COVID-19,Vaccinated,1035,757685,56.97
2021-09-30,219,COVID-19,DosesAdministered,2800,1368917,
2021-09-30,219,COVID-19,FullyVaccinated,2335,714975,53.75
2021-09-30,219,COVID-19,Vaccinated,937,758622,57.04
2021-10-01,219,COVID-19,DosesAdministered,2258,1371175,
2021-10-01,219,COVID-19,FullyVaccinated,1909,716884,53.9
2021-10-01,219,COVID-19,Vaccinated,976,759598,57.11
2021-10-02,219,COVID-19,DosesAdministered,2162,1373337,
2021-10-02,219,COVID-19,FullyVaccinated,1921,718805,54.04
2021-10-02,219,COVID-19,Vaccinated,581,760179,57.15
2021-10-03,219,COVID-19,DosesAdministered,665,1374002,
2021-10-03,219,COVID-19,FullyVaccinated,539,719344,54.08
2021-10-03,219,COVID-19,Vaccinated,283,760462,57.17
2021-10-04,219,COVID-19,DosesAdministered,1721,1375723,
2021-10-04,219,COVID-19,FullyVaccinated,1447,720791,54.19
2021-10-04,219,COVID-19,Vaccinated,649,761111,57.22
2021-10-05,219,COVID-19,DosesAdministered,2165,1377888,
2021-10-05,219,COVID-19,FullyVaccinated,1777,722568,54.33
2021-10-05,219,COVID-19,Vaccinated,798,761909,57.28
2021-10-06,219,COVID-19,DosesAdministered,2003,1379891,
2021-10-06,219,COVID-19,FullyVaccinated,1655,724223,54.45
2021-10-06,219,COVID-19,Vaccinated,733,762642,57.34
2021-10-07,219,COVID-19,DosesAdministered,1909,1381800,
2021-10-07,219,COVID-19,FullyVaccinated,1565,725788,54.57
2021-10-07,219,COVID-19,Vaccinated,793,763435,57.4
2021-10-08,219,COVID-19,DosesAdministered,2204,1384004,
2021-10-08,219,COVID-19,FullyVaccinated,1717,727505,54.7
2021-10-08,219,COVID-19,Vaccinated,964,764399,57.47
2021-10-09,219,COVID-19,DosesAdministered,2026,1386030,
2021-10-09,219,COVID-19,FullyVaccinated,1748,729253,54.83
2021-10-09,219,COVID-19,Vaccinated,626,765025,57.52
2021-10-10,219,COVID-19,DosesAdministered,1202,1387232,
2021-10-10,219,COVID-19,FullyVaccinated,1020,730273,54.9
2021-10-10,219,COVID-19,Vaccinated,351,765376,57.54
2021-10-11,219,COVID-19,DosesAdministered,1620,1388852,
2021-10-11,219,COVID-19,FullyVaccinated,1369,731642,55.01
2021-10-11,219,COVID-19,Vaccinated,615,765991,57.59
2021-10-12,219,COVID-19,DosesAdministered,1960,1390812,
2021-10-12,219,COVID-19,FullyVaccinated,1572,733214,55.13
2021-10-12,219,COVID-19,Vaccinated,769,766760,57.65
2021-10-13,219,COVID-19,DosesAdministered,1661,1392473,
2021-10-13,219,COVID-19,FullyVaccinated,1297,734511,55.22
2021-10-13,219,COVID-19,Vaccinated,805,767565,57.71
2021-10-14,219,COVID-19,DosesAdministered,1974,1394447,
2021-10-14,219,COVID-19,FullyVaccinated,1472,735983,55.33
2021-10-14,219,COVID-19,Vaccinated,1026,768591,57.79
2021-10-15,219,COVID-19,DosesAdministered,2411,1396858,
2021-10-15,219,COVID-19,FullyVaccinated,1803,737786,55.47
2021-10-15,219,COVID-19,Vaccinated,1287,769878,57.88
2021-10-16,219,COVID-19,DosesAdministered,1116,1397974,
2021-10-16,219,COVID-19,FullyVaccinated,814,738600,55.53
2021-10-16,219,COVID-19,Vaccinated,624,770502,57.93
2021-10-17,219,COVID-19,DosesAdministered,1171,1399145,
2021-10-17,219,COVID-19,FullyVaccinated,831,739431,55.59
2021-10-17,219,COVID-19,Vaccinated,736,771238,57.98
2021-10-18,219,COVID-19,DosesAdministered,1782,1400927,
2021-10-18,219,COVID-19,FullyVaccinated,1316,740747,55.69
2021-10-18,219,COVID-19,Vaccinated,968,772206,58.06
2021-10-19,219,COVID-19,DosesAdministered,1781,1402708,
2021-10-19,219,COVID-19,FullyVaccinated,1330,742077,55.79
2021-10-19,219,COVID-19,Vaccinated,963,773169,58.13
2021-10-20,219,COVID-19,DosesAdministered,2423,1405131,
2021-10-20,219,COVID-19,FullyVaccinated,1690,743767,55.92
2021-10-20,219,COVID-19,Vaccinated,1586,774755,58.25
2021-10-21,219,COVID-19,DosesAdministered,2566,1407697,
2021-10-21,219,COVID-19,FullyVaccinated,1736,745503,56.05
2021-10-21,219,COVID-19,Vaccinated,1749,776504,58.38
2021-10-22,219,COVID-19,DosesAdministered,3880,1411577,
2021-10-22,219,COVID-19,FullyVaccinated,2576,748079,56.24
2021-10-22,219,COVID-19,Vaccinated,2728,779232,58.59
2021-10-23,219,COVID-19,DosesAdministered,2064,1413641,
2021-10-23,219,COVID-19,FullyVaccinated,1361,749440,56.35
2021-10-23,219,COVID-19,Vaccinated,1605,780837,58.71
2021-10-24,219,COVID-19,DosesAdministered,1348,1414989,
2021-10-24,219,COVID-19,FullyVaccinated,932,750372,56.42
2021-10-24,219,COVID-19,Vaccinated,1097,781934,58.79
2021-10-25,219,COVID-19,DosesAdministered,2564,1417553,
2021-10-25,219,COVID-19,FullyVaccinated,1640,752012,56.54
2021-10-25,219,COVID-19,Vaccinated,1988,783922,58.94
2021-10-26,219,COVID-19,DosesAdministered,3367,1420920,
2021-10-26,219,COVID-19,FullyVaccinated,1983,753995,56.69
2021-10-26,219,COVID-19,Vaccinated,2462,786384,59.12
2021-10-27,219,COVID-19,DosesAdministered,3061,1423981,
2021-10-27,219,COVID-19,FullyVaccinated,1707,755702,56.82
2021-10-27,219,COVID-19,Vaccinated,2321,788705,59.3
2021-10-28,219,COVID-19,DosesAdministered,2942,1426923,
2021-10-28,219,COVID-19,FullyVaccinated,1645,757347,56.94
2021-10-28,219,COVID-19,Vaccinated,2221,790926,59.47
2021-10-29,219,COVID-19,DosesAdministered,3698,1430621,
2021-10-29,219,COVID-19,FullyVaccinated,1925,759272,57.09
2021-10-29,219,COVID-19,Vaccinated,2945,793871,59.69
2021-10-30,219,COVID-19,DosesAdministered,1683,1432304,
2021-10-30,219,COVID-19,FullyVaccinated,1024,760296,57.16
2021-10-30,219,COVID-19,Vaccinated,1307,795178,59.78
2021-10-31,219,COVID-19,DosesAdministered,1093,1433397,
2021-10-31,219,COVID-19,FullyVaccinated,701,760997,57.21
2021-10-31,219,COVID-19,Vaccinated,899,796077,59.85
2021-11-01,219,COVID-19,DosesAdministered,2304,1435701,
2021-11-01,219,COVID-19,FullyVaccinated,1250,762247,57.31
2021-11-01,219,COVID-19,Vaccinated,1823,797900,59.99
2021-11-02,219,COVID-19,DosesAdministered,2724,1438425,
2021-11-02,219,COVID-19,FullyVaccinated,1404,763651,57.41
2021-11-02,219,COVID-19,Vaccinated,2091,799991,60.15
2021-11-03,219,COVID-19,DosesAdministered,2767,1441192,
2021-11-03,219,COVID-19,FullyVaccinated,1355,765006,57.52
2021-11-03,219,COVID-19,Vaccinated,2134,802125,60.31
2021-11-04,219,COVID-19,DosesAdministered,2595,1443787,
2021-11-04,219,COVID-19,FullyVaccinated,1319,766325,57.62
2021-11-04,219,COVID-19,Vaccinated,2079,804204,60.46
2021-11-05,219,COVID-19,DosesAdministered,3255,1447042,
2021-11-05,219,COVID-19,FullyVaccinated,1739,768064,57.75
2021-11-05,219,COVID-19,Vaccinated,2535,806739,60.65
2021-11-06,219,COVID-19,DosesAdministered,1279,1448321,
2021-11-06,219,COVID-19,FullyVaccinated,713,768777,57.8
2021-11-06,219,COVID-19,Vaccinated,1035,807774,60.73
